{
    "name": "MeshGeometry",
    "faces": [32,3,5,4,0,1,0,32,3,1,5,0,1,1,32,1,6,5,1,0,1,32,2,1,3,1,1,0,32,0,6,1,0,0,1,32,12,10,11,2,3,3,32,8,10,12,2,3,2,32,13,8,12,3,2,2,32,8,9,10,2,2,3,32,13,7,8,3,3,2,33,15,17,16,14,4,5,5,4,33,17,19,18,16,5,6,6,5,33,19,21,20,18,6,7,7,6,33,21,23,22,20,7,8,8,7,33,23,25,24,22,8,9,9,8,33,25,27,26,24,9,10,10,9,33,27,15,14,26,10,4,4,10,33,29,31,30,28,11,12,12,11,33,31,33,32,30,12,13,13,12,33,33,35,34,32,13,14,15,13,33,35,37,36,34,14,16,16,15,33,37,39,38,36,16,17,17,16,33,39,41,40,38,17,18,18,17,33,41,29,28,40,18,11,11,18],
    "uvs": [],
    "normals": [0,1,0,0,0.999969,0,0,-0.999969,0,0,-1,0,-0.408246,-0.816492,0.408246,-0.30726,-0.858089,0.411389,-0.257485,-0.803034,0.5374,-0.558031,-0.804346,-0.203925,-0.165838,-0.717338,-0.676687,0.408246,-0.816492,-0.408246,0.408246,-0.816492,0.408246,-0.408246,0.816492,0.408246,-0.30726,0.858089,0.411389,-0.257485,0.803034,0.5374,-0.558031,0.804346,-0.203925,-0.558031,0.804346,-0.203955,-0.165838,0.717338,-0.676687,0.408246,0.816492,-0.408246,0.408246,0.816492,0.408246],
    "vertices": [-0.006995,0.015097,0.178888,-0.006995,0.015097,-0.222444,-0.100415,0.015097,-0.194792,-0.112373,0.015097,-0.223939,0.009447,0.015097,-0.287464,0.04532,0.015097,-0.287464,0.04532,0.015097,0.178888,-0.006995,-0.015097,0.178888,-0.006995,-0.015097,-0.222444,-0.100415,-0.015097,-0.194792,-0.112373,-0.015097,-0.223939,0.009447,-0.015097,-0.287464,0.04532,-0.015097,-0.287464,0.04532,-0.015097,0.178888,-0.006995,-0.015097,0.178888,-0.022092,0,0.193985,-0.006995,-0.015097,-0.222444,-0.022092,-0,-0.202231,-0.100415,-0.015097,-0.194792,-0.109206,-0,-0.176446,-0.112373,-0.015097,-0.223939,-0.131569,-0,-0.230955,0.009447,-0.015097,-0.287464,0.005747,-0,-0.302561,0.04532,-0.015097,-0.287464,0.060417,-0,-0.302561,0.04532,-0.015097,0.178888,0.060417,0,0.193985,-0.022092,0,0.193985,-0.006995,0.015097,0.178888,-0.022092,-0,-0.202231,-0.006995,0.015097,-0.222444,-0.109206,-0,-0.176446,-0.100415,0.015097,-0.194792,-0.131569,-0,-0.230955,-0.112373,0.015097,-0.223939,0.005747,-0,-0.302561,0.009447,0.015097,-0.287464,0.060417,-0,-0.302561,0.04532,0.015097,-0.287464,0.060417,0,0.193985,0.04532,0.015097,0.178888],
    "metadata": {
        "type": "Geometry",
        "faces": 24,
        "uvs": 0,
        "version": 3,
        "normals": 19,
        "vertices": 42,
        "generator": "io_three"
    }
}