{
    "name": "MeshGeometry",
    "faces": [32,8,10,9,0,1,0,32,8,12,10,0,0,1,32,12,0,10,0,0,1,32,8,13,12,0,0,0,32,11,0,12,0,0,0,32,8,11,13,0,0,0,32,8,0,11,0,0,0,32,8,1,0,0,0,0,32,8,2,1,0,1,0,32,7,6,8,0,0,0,32,6,2,8,0,1,0,32,5,3,6,0,0,0,32,3,2,6,0,1,0,32,5,4,3,0,0,0,32,24,22,23,2,3,3,32,26,22,24,3,3,2,32,14,26,24,3,3,2,32,27,22,26,3,3,3,32,14,25,26,3,3,3,32,25,22,27,3,3,3,32,14,22,25,3,3,3,32,15,22,14,3,3,3,32,16,22,15,2,3,3,32,20,21,22,3,3,3,32,16,20,22,2,3,3,32,17,19,20,3,3,3,32,16,17,20,2,3,3,32,18,19,17,3,3,3,33,29,31,30,28,4,4,4,4,33,31,33,32,30,4,5,5,4,33,33,35,34,32,5,5,5,5,33,35,37,36,34,5,5,5,5,33,37,39,38,36,5,6,6,5,33,39,41,40,38,6,6,6,6,33,41,43,42,40,6,6,6,6,33,43,45,44,42,6,7,7,6,33,45,47,46,44,7,8,8,7,33,47,49,48,46,8,4,4,8,33,49,29,28,48,4,4,4,4,33,51,53,52,50,9,9,9,9,33,53,55,54,52,9,10,10,9,33,55,57,56,54,10,10,10,10,33,57,59,58,56,10,10,10,10,33,59,61,60,58,10,11,11,10,33,61,63,62,60,11,11,11,11,33,63,65,64,62,11,11,11,11,33,65,67,66,64,11,12,12,11,33,67,69,68,66,12,13,13,12,33,69,71,70,68,13,9,9,13,33,71,51,50,70,9,9,9,9,33,73,75,74,72,14,15,15,14,33,75,77,76,74,15,16,16,15,33,77,73,72,76,16,14,14,16,33,79,81,80,78,17,18,18,17,33,81,83,82,80,18,19,19,18,33,83,79,78,82,19,17,17,19],
    "uvs": [],
    "normals": [0,1,0,0,0.999969,0,0,-0.999969,0,0,-1,0,0.408246,-0.816492,-0.408246,0.408246,-0.816492,0.408246,-0.408246,-0.816492,0.408246,-0.662008,-0.722343,-0.199805,-0.312479,-0.750237,-0.582629,0.408246,0.816492,-0.408246,0.408246,0.816492,0.408246,-0.408246,0.816492,0.408246,-0.662008,0.722343,-0.199805,-0.312479,0.750237,-0.582629,-0.408246,-0.816492,-0.408246,-0.078738,-0.961394,0.263619,0.377606,-0.903195,-0.203894,-0.408246,0.816492,-0.408246,-0.078738,0.961394,0.263619,0.377606,0.903195,-0.203894],
    "vertices": [0.09913,0.015097,0.004006,0.159666,0.015097,0.004006,0.159666,0.015097,0.050342,0.09913,0.015097,0.050342,0.09913,0.015097,0.178141,0.04532,0.015097,0.178141,0.04532,0.015097,0.049595,-0.142267,0.015097,0.049595,-0.142267,0.015097,0.010732,0.055783,0.015097,-0.287464,0.09913,0.015097,-0.287464,0.046067,0.015097,0.004006,0.046067,0.015097,-0.204507,-0.0907,0.015097,0.004006,0.09913,-0.015097,0.004006,0.159666,-0.015097,0.004006,0.159666,-0.015097,0.050342,0.09913,-0.015097,0.050342,0.09913,-0.015097,0.178141,0.04532,-0.015097,0.178141,0.04532,-0.015097,0.049595,-0.142267,-0.015097,0.049595,-0.142267,-0.015097,0.010732,0.055783,-0.015097,-0.287464,0.09913,-0.015097,-0.287464,0.046067,-0.015097,0.004006,0.046067,-0.015097,-0.204507,-0.0907,-0.015097,0.004006,0.09913,-0.015097,0.004006,0.114226,-0,-0.011091,0.159666,-0.015097,0.004006,0.174763,-0,-0.011091,0.159666,-0.015097,0.050342,0.174763,0,0.065439,0.09913,-0.015097,0.050342,0.114226,0,0.065439,0.09913,-0.015097,0.178141,0.114226,0,0.193237,0.04532,-0.015097,0.178141,0.030223,0,0.193237,0.04532,-0.015097,0.049595,0.030223,0,0.064691,-0.142267,-0.015097,0.049595,-0.157364,0,0.064691,-0.142267,-0.015097,0.010732,-0.157364,0,0.006175,0.055783,-0.015097,-0.287464,0.047687,-0,-0.302561,0.09913,-0.015097,-0.287464,0.114226,-0,-0.302561,0.114226,-0,-0.011091,0.09913,0.015097,0.004006,0.174763,-0,-0.011091,0.159666,0.015097,0.004006,0.174763,0,0.065439,0.159666,0.015097,0.050342,0.114226,0,0.065439,0.09913,0.015097,0.050342,0.114226,0,0.193237,0.09913,0.015097,0.178141,0.030223,0,0.193237,0.04532,0.015097,0.178141,0.030223,0,0.064691,0.04532,0.015097,0.049595,-0.157364,0,0.064691,-0.142267,0.015097,0.049595,-0.157364,0,0.006175,-0.142267,0.015097,0.010732,0.047687,-0,-0.302561,0.055783,0.015097,-0.287464,0.114226,-0,-0.302561,0.09913,0.015097,-0.287464,0.046067,-0.015097,0.004006,0.030971,-0,-0.011091,0.046067,-0.015097,-0.204507,0.030971,-0,-0.153966,-0.0907,-0.015097,0.004006,-0.062743,-0,-0.011091,0.030971,-0,-0.011091,0.046067,0.015097,0.004006,0.030971,-0,-0.153966,0.046067,0.015097,-0.204507,-0.062743,-0,-0.011091,-0.0907,0.015097,0.004006],
    "metadata": {
        "type": "Geometry",
        "faces": 56,
        "uvs": 0,
        "version": 3,
        "normals": 20,
        "vertices": 84,
        "generator": "io_three"
    }
}