{
    "name": "MeshGeometry",
    "faces": [32,6,0,7,0,0,0,32,6,10,0,0,1,0,32,10,1,0,1,0,0,32,6,8,10,0,0,1,32,9,1,10,0,0,1,32,6,4,8,0,0,0,32,4,9,8,0,0,0,32,4,3,9,0,0,0,32,3,1,9,0,0,0,32,6,5,4,0,0,0,32,2,1,3,0,0,0,32,11,17,18,2,3,3,32,21,17,11,2,3,2,32,12,21,11,3,2,2,32,19,17,21,3,3,2,32,12,20,21,3,3,2,32,15,17,19,3,3,3,32,20,15,19,3,3,3,32,14,15,20,3,3,3,32,12,14,20,3,3,3,32,16,17,15,3,3,3,32,12,13,14,3,3,3,33,23,25,24,22,4,5,5,4,33,25,27,26,24,5,6,6,5,33,27,29,28,26,6,6,6,6,33,29,31,30,28,6,7,7,6,33,31,33,32,30,7,7,7,7,33,33,35,34,32,7,8,8,7,33,35,37,36,34,8,9,9,8,33,37,23,22,36,9,4,4,9,33,39,41,40,38,10,11,11,10,33,41,43,42,40,11,12,12,11,33,43,45,44,42,12,12,12,12,33,45,47,46,44,12,13,13,12,33,47,49,48,46,13,13,13,13,33,49,51,50,48,13,14,14,13,33,51,53,52,50,14,15,15,14,33,53,39,38,52,15,10,10,15,33,55,57,56,54,16,17,17,16,33,57,59,58,56,17,18,18,17,33,59,55,54,58,18,16,16,18,33,61,63,62,60,19,20,20,19,33,63,65,64,62,20,21,21,20,33,65,61,60,64,21,19,19,21],
    "uvs": [],
    "normals": [0,1,0,0,0.999969,0,0,-0.999969,0,0,-1,0,0.36082,-0.772027,-0.523179,0.406415,-0.869594,0.280282,-0.360973,-0.772149,0.522935,0.368358,-0.776574,0.511063,-0.408673,-0.865047,0.290933,-0.366283,-0.775262,-0.514542,0.36082,0.772027,-0.523179,0.406415,0.869594,0.280282,-0.360973,0.772149,0.522935,0.368358,0.776574,0.511063,-0.408673,0.865047,0.290933,-0.366283,0.775262,-0.514542,0.408979,-0.864406,-0.292428,-0.407056,-0.868404,-0.283059,0.004151,-0.947966,0.318278,0.408979,0.864406,-0.292428,-0.407056,0.868404,-0.283059,0.004151,0.947966,0.318278],
    "vertices": [0.00272,0.015097,-0.295685,0.182834,0.015097,0.178141,0.128277,0.015097,0.178141,0.076709,0.015097,0.042121,-0.070521,0.015097,0.042121,-0.11611,0.015097,0.178888,-0.167678,0.015097,0.178888,-0.003258,0.015097,-0.295685,-0.060805,0.015097,0.001764,0.065499,0.015097,0.001764,-0.000269,0.015097,-0.17536,0.00272,-0.015097,-0.295685,0.182834,-0.015097,0.178141,0.128277,-0.015097,0.178141,0.076709,-0.015097,0.042121,-0.070521,-0.015097,0.042121,-0.11611,-0.015097,0.178888,-0.167678,-0.015097,0.178888,-0.003258,-0.015097,-0.295685,-0.060805,-0.015097,0.001764,0.065499,-0.015097,0.001764,-0.000269,-0.015097,-0.17536,0.00272,-0.015097,-0.295685,0.013132,-0,-0.310782,0.182834,-0.015097,0.178141,0.204723,0,0.193237,0.128277,-0.015097,0.178141,0.117855,0,0.193237,0.076709,-0.015097,0.042121,0.066287,0,0.057218,-0.070521,-0.015097,0.042121,-0.05964,0,0.057218,-0.11611,-0.015097,0.178888,-0.105229,0,0.193985,-0.167678,-0.015097,0.178888,-0.188885,0,0.193985,-0.003258,-0.015097,-0.295685,-0.014005,-0,-0.310782,0.013132,-0,-0.310782,0.00272,0.015097,-0.295685,0.204723,0,0.193237,0.182834,0.015097,0.178141,0.117855,0,0.193237,0.128277,0.015097,0.178141,0.066287,0,0.057218,0.076709,0.015097,0.042121,-0.05964,0,0.057218,-0.070521,0.015097,0.042121,-0.105229,0,0.193985,-0.11611,0.015097,0.178888,-0.188885,0,0.193985,-0.167678,0.015097,0.178888,-0.014005,-0,-0.310782,-0.003258,0.015097,-0.295685,-0.060805,-0.015097,0.001764,-0.039692,-0,-0.013333,0.065499,-0.015097,0.001764,0.043789,-0,-0.013333,-0.000269,-0.015097,-0.17536,0.00032,-0,-0.130404,-0.039692,-0,-0.013333,-0.060805,0.015097,0.001764,0.043789,-0,-0.013333,0.065499,0.015097,0.001764,0.00032,-0,-0.130404,-0.000269,0.015097,-0.17536],
    "metadata": {
        "type": "Geometry",
        "faces": 44,
        "uvs": 0,
        "version": 3,
        "normals": 22,
        "vertices": 66,
        "generator": "io_three"
    }
}