{
    "name": "MeshGeometry",
    "faces": [32,9,1,10,0,0,0,32,1,11,10,0,1,0,32,1,0,11,0,0,1,32,9,2,1,0,0,0,32,9,5,2,0,0,0,32,5,3,2,0,0,0,32,5,4,3,0,0,0,32,9,6,5,0,0,0,32,9,7,6,0,0,0,32,9,8,7,0,0,0,32,13,21,22,2,2,2,32,23,13,22,3,2,2,32,12,13,23,2,2,3,32,14,21,13,2,2,2,32,17,21,14,2,2,2,32,15,17,14,2,2,2,32,16,17,15,2,2,2,32,18,21,17,2,2,2,32,19,21,18,2,2,2,32,20,21,19,2,2,2,33,25,27,26,24,4,4,4,4,33,27,29,28,26,4,5,5,4,33,29,31,30,28,5,5,5,5,33,31,33,32,30,5,4,4,5,33,33,35,34,32,4,4,4,4,33,35,37,36,34,4,5,5,4,33,37,39,38,36,5,5,5,5,33,39,41,40,38,5,4,4,5,33,41,43,42,40,4,6,6,4,33,43,45,44,42,6,7,7,6,33,45,47,46,44,7,5,5,7,33,47,25,24,46,5,4,4,5,33,49,51,50,48,8,8,8,8,33,51,53,52,50,8,9,9,8,33,53,55,54,52,9,9,9,9,33,55,57,56,54,9,8,8,9,33,57,59,58,56,8,8,8,8,33,59,61,60,58,8,9,9,8,33,61,63,62,60,9,9,9,9,33,63,65,64,62,9,8,8,9,33,65,67,66,64,8,10,10,8,33,67,69,68,66,10,11,11,10,33,69,71,70,68,11,9,9,11,33,71,49,48,70,9,8,8,9],
    "uvs": [],
    "normals": [0,1,0,0,0.999969,0,0,-1,0,0,-0.999969,0,0.408246,-0.816492,0.408246,0.408246,-0.816492,-0.408246,-0.408246,-0.816492,0.408246,-0.408246,-0.816492,-0.408246,0.408246,0.816492,0.408246,0.408246,0.816492,-0.408246,-0.408246,0.816492,0.408246,-0.408246,0.816492,-0.408246],
    "vertices": [0.150698,0.015097,-0.241128,-0.084721,0.015097,-0.241128,-0.084721,0.015097,-0.088667,0.109593,0.015097,-0.088667,0.109593,0.015097,-0.040836,-0.084721,0.015097,-0.040836,-0.084721,0.015097,0.131804,0.149203,0.015097,0.131804,0.149203,0.015097,0.178141,-0.134794,0.015097,0.178141,-0.134794,0.015097,-0.287464,0.150698,0.015097,-0.287464,0.150698,-0.015097,-0.241128,-0.084721,-0.015097,-0.241128,-0.084721,-0.015097,-0.088667,0.109593,-0.015097,-0.088667,0.109593,-0.015097,-0.040836,-0.084721,-0.015097,-0.040836,-0.084721,-0.015097,0.131804,0.149203,-0.015097,0.131804,0.149203,-0.015097,0.178141,-0.134794,-0.015097,0.178141,-0.134794,-0.015097,-0.287464,0.150698,-0.015097,-0.287464,0.150698,-0.015097,-0.241128,0.165794,-0,-0.226031,-0.084721,-0.015097,-0.241128,-0.069624,-0,-0.226031,-0.084721,-0.015097,-0.088667,-0.069624,-0,-0.103763,0.109593,-0.015097,-0.088667,0.124689,-0,-0.103763,0.109593,-0.015097,-0.040836,0.124689,-0,-0.025739,-0.084721,-0.015097,-0.040836,-0.069624,-0,-0.025739,-0.084721,-0.015097,0.131804,-0.069624,0,0.116708,0.149203,-0.015097,0.131804,0.1643,0,0.116708,0.149203,-0.015097,0.178141,0.1643,0,0.193237,-0.134794,-0.015097,0.178141,-0.14989,0,0.193237,-0.134794,-0.015097,-0.287464,-0.14989,-0,-0.302561,0.150698,-0.015097,-0.287464,0.165794,-0,-0.302561,0.165794,-0,-0.226031,0.150698,0.015097,-0.241128,-0.069624,-0,-0.226031,-0.084721,0.015097,-0.241128,-0.069624,-0,-0.103763,-0.084721,0.015097,-0.088667,0.124689,-0,-0.103763,0.109593,0.015097,-0.088667,0.124689,-0,-0.025739,0.109593,0.015097,-0.040836,-0.069624,-0,-0.025739,-0.084721,0.015097,-0.040836,-0.069624,0,0.116708,-0.084721,0.015097,0.131804,0.1643,0,0.116708,0.149203,0.015097,0.131804,0.1643,0,0.193237,0.149203,0.015097,0.178141,-0.14989,0,0.193237,-0.134794,0.015097,0.178141,-0.14989,-0,-0.302561,-0.134794,0.015097,-0.287464,0.165794,-0,-0.302561,0.150698,0.015097,-0.287464],
    "metadata": {
        "type": "Geometry",
        "faces": 44,
        "uvs": 0,
        "version": 3,
        "normals": 12,
        "vertices": 72,
        "generator": "io_three"
    }
}