{
    "name": "MeshGeometry",
    "faces": [32,7,1,8,0,0,0,32,1,9,8,0,0,0,32,1,0,9,0,0,0,32,7,2,1,0,0,0,32,7,5,2,0,0,0,32,5,3,2,0,0,0,32,5,4,3,0,0,0,32,7,6,5,0,0,0,32,11,17,18,1,1,1,32,19,11,18,1,1,1,32,10,11,19,1,1,1,32,12,17,11,1,1,1,32,15,17,12,1,1,1,32,13,15,12,1,1,1,32,14,15,13,1,1,1,32,16,17,15,1,1,1,33,21,23,22,20,2,2,2,2,33,23,25,24,22,2,3,3,2,33,25,27,26,24,3,3,3,3,33,27,29,28,26,3,2,2,3,33,29,31,30,28,2,2,2,2,33,31,33,32,30,2,2,2,2,33,33,35,34,32,2,4,4,2,33,35,37,36,34,4,5,5,4,33,37,39,38,36,5,3,3,5,33,39,21,20,38,3,2,2,3,33,41,43,42,40,6,6,6,6,33,43,45,44,42,6,7,7,6,33,45,47,46,44,7,7,7,7,33,47,49,48,46,7,6,6,7,33,49,51,50,48,6,6,6,6,33,51,53,52,50,6,6,6,6,33,53,55,54,52,6,8,8,6,33,55,57,56,54,8,9,9,8,33,57,59,58,56,9,7,7,9,33,59,41,40,58,7,6,6,7],
    "uvs": [],
    "normals": [0,1,0,0,-1,0,0.408246,-0.816492,0.408246,0.408246,-0.816492,-0.408246,-0.408246,-0.816492,0.408246,-0.408246,-0.816492,-0.408246,0.408246,0.816492,0.408246,0.408246,0.816492,-0.408246,-0.408246,0.816492,0.408246,-0.408246,0.816492,-0.408246],
    "vertices": [0.147708,0.015097,-0.241875,-0.067531,0.015097,-0.241875,-0.067531,0.015097,-0.095393,0.106603,0.015097,-0.095393,0.106603,0.015097,-0.050551,-0.067531,0.015097,-0.050551,-0.067531,0.015097,0.178141,-0.120594,0.015097,0.178141,-0.120594,0.015097,-0.287464,0.147708,0.015097,-0.287464,0.147708,-0.015097,-0.241875,-0.067531,-0.015097,-0.241875,-0.067531,-0.015097,-0.095393,0.106603,-0.015097,-0.095393,0.106603,-0.015097,-0.050551,-0.067531,-0.015097,-0.050551,-0.067531,-0.015097,0.178141,-0.120594,-0.015097,0.178141,-0.120594,-0.015097,-0.287464,0.147708,-0.015097,-0.287464,0.147708,-0.015097,-0.241875,0.162805,-0,-0.226779,-0.067531,-0.015097,-0.241875,-0.052435,-0,-0.226779,-0.067531,-0.015097,-0.095393,-0.052435,-0,-0.11049,0.106603,-0.015097,-0.095393,0.1217,-0,-0.11049,0.106603,-0.015097,-0.050551,0.1217,-0,-0.035455,-0.067531,-0.015097,-0.050551,-0.052435,-0,-0.035455,-0.067531,-0.015097,0.178141,-0.052435,0,0.193237,-0.120594,-0.015097,0.178141,-0.135691,0,0.193237,-0.120594,-0.015097,-0.287464,-0.135691,-0,-0.302561,0.147708,-0.015097,-0.287464,0.162805,-0,-0.302561,0.162805,-0,-0.226779,0.147708,0.015097,-0.241875,-0.052435,-0,-0.226779,-0.067531,0.015097,-0.241875,-0.052435,-0,-0.11049,-0.067531,0.015097,-0.095393,0.1217,-0,-0.11049,0.106603,0.015097,-0.095393,0.1217,-0,-0.035455,0.106603,0.015097,-0.050551,-0.052435,-0,-0.035455,-0.067531,0.015097,-0.050551,-0.052435,0,0.193237,-0.067531,0.015097,0.178141,-0.135691,0,0.193237,-0.120594,0.015097,0.178141,-0.135691,-0,-0.302561,-0.120594,0.015097,-0.287464,0.162805,-0,-0.302561,0.147708,0.015097,-0.287464],
    "metadata": {
        "type": "Geometry",
        "faces": 36,
        "uvs": 0,
        "version": 3,
        "normals": 10,
        "vertices": 60,
        "generator": "io_three"
    }
}