{
    "name": "MeshGeometry",
    "faces": [32,9,11,10,0,1,1,32,9,0,11,0,0,1,32,8,0,9,2,0,0,32,7,1,8,1,2,2,32,1,0,8,2,0,2,32,7,2,1,1,1,2,32,5,7,6,1,1,1,32,5,2,7,1,1,1,32,5,3,2,1,1,1,32,5,4,3,1,1,1,32,23,21,22,3,4,3,32,12,21,23,4,4,3,32,12,20,21,4,5,4,32,13,19,20,6,3,5,32,12,13,20,4,6,5,32,14,19,13,3,3,6,32,19,17,18,3,3,3,32,14,17,19,3,3,3,32,15,17,14,3,3,3,32,16,17,15,3,3,3,33,25,27,26,24,7,7,7,7,33,27,29,28,26,7,8,8,7,33,29,31,30,28,8,8,8,8,33,31,33,32,30,8,7,7,8,33,33,35,34,32,7,9,9,7,33,35,37,36,34,9,10,10,9,33,37,39,38,36,10,10,10,10,33,39,41,40,38,10,9,9,10,33,41,43,42,40,9,9,9,9,33,43,45,44,42,9,10,10,9,33,45,47,46,44,10,8,8,10,33,47,25,24,46,8,7,7,8,33,49,51,50,48,11,11,11,11,33,51,53,52,50,11,12,12,11,33,53,55,54,52,12,12,12,12,33,55,57,56,54,12,11,11,12,33,57,59,58,56,11,13,13,11,33,59,61,60,58,13,14,14,13,33,61,63,62,60,14,14,14,14,33,63,65,64,62,14,13,13,14,33,65,67,66,64,13,13,13,13,33,67,69,68,66,13,14,14,13,33,69,71,70,68,14,12,12,14,33,71,49,48,70,12,11,11,12],
    "uvs": [],
    "normals": [0,1,0.000214,0,1,0,0,0.447188,0.894406,0,-1,0,0,-1,-0.000214,0,-0.447188,-0.894406,0,-0.447188,0.894406,0.408246,-0.816492,0.408246,0.408246,-0.816492,-0.408246,-0.408246,-0.816492,0.408246,-0.408246,-0.816492,-0.408246,0.408246,0.816492,0.408246,0.408246,0.816492,-0.408246,-0.408246,0.816492,0.408246,-0.408246,0.816492,-0.408246],
    "vertices": [0.117814,0.015097,-0.24337,0.025889,0.015097,-0.24337,0.025889,0.015097,0.136288,0.123045,0.015097,0.136288,0.123045,0.015097,0.178888,-0.117605,0.015097,0.178888,-0.117605,0.015097,0.135541,-0.026427,0.015097,0.135541,-0.026427,0.015097,-0.24337,-0.112373,0.015097,-0.24337,-0.112373,0.015097,-0.287464,0.117814,0.015097,-0.287464,0.117814,-0.015097,-0.24337,0.025889,-0.015097,-0.24337,0.025889,-0.015097,0.136288,0.123045,-0.015097,0.136288,0.123045,-0.015097,0.178888,-0.117605,-0.015097,0.178888,-0.117605,-0.015097,0.135541,-0.026427,-0.015097,0.135541,-0.026427,-0.015097,-0.24337,-0.112373,-0.015097,-0.24337,-0.112373,-0.015097,-0.287464,0.117814,-0.015097,-0.287464,0.117814,-0.015097,-0.24337,0.13291,-0,-0.228273,0.025889,-0.015097,-0.24337,0.040985,-0,-0.228273,0.025889,-0.015097,0.136288,0.040985,0,0.121192,0.123045,-0.015097,0.136288,0.138142,0,0.121192,0.123045,-0.015097,0.178888,0.138142,0,0.193985,-0.117605,-0.015097,0.178888,-0.132701,0,0.193985,-0.117605,-0.015097,0.135541,-0.132701,0,0.120444,-0.026427,-0.015097,0.135541,-0.041523,0,0.120444,-0.026427,-0.015097,-0.24337,-0.041523,-0,-0.228273,-0.112373,-0.015097,-0.24337,-0.12747,-0,-0.228273,-0.112373,-0.015097,-0.287464,-0.12747,-0,-0.302561,0.117814,-0.015097,-0.287464,0.13291,-0,-0.302561,0.13291,-0,-0.228273,0.117814,0.015097,-0.24337,0.040985,-0,-0.228273,0.025889,0.015097,-0.24337,0.040985,0,0.121192,0.025889,0.015097,0.136288,0.138142,0,0.121192,0.123045,0.015097,0.136288,0.138142,0,0.193985,0.123045,0.015097,0.178888,-0.132701,0,0.193985,-0.117605,0.015097,0.178888,-0.132701,0,0.120444,-0.117605,0.015097,0.135541,-0.041523,0,0.120444,-0.026427,0.015097,0.135541,-0.041523,-0,-0.228273,-0.026427,0.015097,-0.24337,-0.12747,-0,-0.228273,-0.112373,0.015097,-0.24337,-0.12747,-0,-0.302561,-0.112373,0.015097,-0.287464,0.13291,-0,-0.302561,0.117814,0.015097,-0.287464],
    "metadata": {
        "type": "Geometry",
        "faces": 44,
        "uvs": 0,
        "version": 3,
        "normals": 15,
        "vertices": 72,
        "generator": "io_three"
    }
}