{
    "name": "MeshGeometry",
    "faces": [32,10,12,11,0,0,0,32,10,8,12,0,0,0,32,8,0,12,0,0,0,32,0,2,1,0,0,0,32,0,5,2,0,0,0,32,5,3,2,0,0,0,32,0,6,5,0,0,0,32,4,3,5,0,0,0,32,10,9,8,0,0,0,32,7,0,8,0,0,0,32,7,6,0,0,0,0,32,25,23,24,1,1,1,32,21,23,25,1,1,1,32,13,21,25,1,1,1,32,15,13,14,1,1,1,32,18,13,15,1,1,1,32,16,18,15,1,1,1,32,19,13,18,1,1,1,32,16,17,18,1,1,1,32,22,23,21,1,1,1,32,13,20,21,1,1,1,32,19,20,13,1,1,1,33,27,29,28,26,2,3,3,2,33,29,31,30,28,3,4,4,3,33,31,33,32,30,4,5,5,4,33,33,35,34,32,5,6,6,5,33,35,37,36,34,6,7,7,6,33,37,39,38,36,7,8,8,7,33,39,41,40,38,8,9,9,8,33,41,43,42,40,9,10,10,9,33,43,45,44,42,10,5,5,10,33,45,47,46,44,5,6,6,5,33,47,49,48,46,6,11,11,6,33,49,51,50,48,11,12,12,11,33,51,27,26,50,12,2,2,12,33,53,55,54,52,13,14,14,13,33,55,57,56,54,14,15,15,14,33,57,59,58,56,15,16,16,15,33,59,61,60,58,16,17,17,16,33,61,63,62,60,17,18,18,17,33,63,65,64,62,18,19,19,18,33,65,67,66,64,19,20,20,19,33,67,69,68,66,20,21,21,20,33,69,71,70,68,21,16,16,21,33,71,73,72,70,16,17,17,16,33,73,75,74,72,17,22,22,17,33,75,77,76,74,22,23,23,22,33,77,53,52,76,23,13,13,23],
    "uvs": [],
    "normals": [0,1,0,0,-1,0,0.001068,-0.910062,-0.414411,-0.338084,-0.760521,-0.554308,0.408246,-0.816492,-0.408246,0.408246,-0.816492,0.408246,-0.408246,-0.816492,0.408246,-0.057924,-0.971435,0.230049,0.334117,-0.758782,0.559099,-0.338878,-0.760888,0.553331,0.053163,-0.973754,0.221229,-0.408246,-0.816492,-0.408246,0.339213,-0.76104,-0.552904,0.001068,0.910062,-0.414411,-0.338084,0.760521,-0.554308,0.408246,0.816492,-0.408246,0.408246,0.816492,0.408246,-0.408246,0.816492,0.408246,-0.057924,0.971435,0.230049,0.334117,0.758782,0.559099,-0.338878,0.760888,0.553331,0.053163,0.973754,0.221229,-0.408246,0.816492,-0.408246,0.339213,0.76104,-0.552904],
    "vertices": [0.008699,0.015097,-0.05952,0.126035,0.015097,-0.287464,0.164897,0.015097,-0.287464,0.164897,0.015097,0.178888,0.115572,0.015097,0.178888,0.115572,0.015097,-0.173118,0.014678,0.015097,0.014469,-0.004753,0.015097,0.014469,-0.098921,0.015097,-0.170129,-0.098921,0.015097,0.178888,-0.148246,0.015097,0.178888,-0.148246,0.015097,-0.287464,-0.107141,0.015097,-0.287464,0.008699,-0.015097,-0.05952,0.126035,-0.015097,-0.287464,0.164897,-0.015097,-0.287464,0.164897,-0.015097,0.178888,0.115572,-0.015097,0.178888,0.115572,-0.015097,-0.173118,0.014678,-0.015097,0.014469,-0.004753,-0.015097,0.014469,-0.098921,-0.015097,-0.170129,-0.098921,-0.015097,0.178888,-0.148246,-0.015097,0.178888,-0.148246,-0.015097,-0.287464,-0.107141,-0.015097,-0.287464,0.008699,-0.015097,-0.05952,0.008785,-0,-0.092672,0.126035,-0.015097,-0.287464,0.116826,-0,-0.302561,0.164897,-0.015097,-0.287464,0.179994,-0,-0.302561,0.164897,-0.015097,0.178888,0.179994,0,0.193985,0.115572,-0.015097,0.178888,0.100475,0,0.193985,0.115572,-0.015097,-0.173118,0.100475,-0,-0.113179,0.014678,-0.015097,0.014469,0.0237,0,0.029566,-0.004753,-0.015097,0.014469,-0.014,0,0.029566,-0.098921,-0.015097,-0.170129,-0.083824,-0,-0.107312,-0.098921,-0.015097,0.178888,-0.083824,0,0.193985,-0.148246,-0.015097,0.178888,-0.163343,0,0.193985,-0.148246,-0.015097,-0.287464,-0.163343,-0,-0.302561,-0.107141,-0.015097,-0.287464,-0.097879,-0,-0.302561,0.008785,-0,-0.092672,0.008699,0.015097,-0.05952,0.116826,-0,-0.302561,0.126035,0.015097,-0.287464,0.179994,-0,-0.302561,0.164897,0.015097,-0.287464,0.179994,0,0.193985,0.164897,0.015097,0.178888,0.100475,0,0.193985,0.115572,0.015097,0.178888,0.100475,-0,-0.113179,0.115572,0.015097,-0.173118,0.0237,0,0.029566,0.014678,0.015097,0.014469,-0.014,0,0.029566,-0.004753,0.015097,0.014469,-0.083824,-0,-0.107312,-0.098921,0.015097,-0.170129,-0.083824,0,0.193985,-0.098921,0.015097,0.178888,-0.163343,0,0.193985,-0.148246,0.015097,0.178888,-0.163343,-0,-0.302561,-0.148246,0.015097,-0.287464,-0.097879,-0,-0.302561,-0.107141,0.015097,-0.287464],
    "metadata": {
        "type": "Geometry",
        "faces": 48,
        "uvs": 0,
        "version": 3,
        "normals": 24,
        "vertices": 78,
        "generator": "io_three"
    }
}