{
    "name": "MeshGeometry",
    "faces": [32,5,7,6,0,0,1,32,5,0,7,0,1,0,32,4,0,5,2,1,0,32,3,1,4,0,2,2,32,1,0,4,2,1,2,32,3,2,1,0,1,2,32,15,13,14,3,3,4,32,8,13,15,4,3,3,32,8,12,13,4,5,3,32,9,11,12,6,3,5,32,8,9,12,4,6,5,32,10,11,9,4,3,6,33,17,19,18,16,7,7,7,7,33,19,21,20,18,7,7,7,7,33,21,23,22,20,7,8,8,7,33,23,25,24,22,8,8,8,8,33,25,27,26,24,8,8,8,8,33,27,29,28,26,8,9,9,8,33,29,31,30,28,9,10,10,9,33,31,17,16,30,10,7,7,10,33,33,35,34,32,11,11,11,11,33,35,37,36,34,11,11,11,11,33,37,39,38,36,11,12,12,11,33,39,41,40,38,12,12,12,12,33,41,43,42,40,12,12,12,12,33,43,45,44,42,12,13,13,12,33,45,47,46,44,13,14,14,13,33,47,33,32,46,14,11,11,14],
    "uvs": [],
    "normals": [0,0.999969,0,0,1,0,0,0.447188,0.894406,0,-0.999969,0,0,-1,0,0,-0.447188,0.894406,0,-0.447188,-0.894406,0.408246,-0.816492,0.408246,-0.408246,-0.816492,0.408246,-0.408246,-0.816492,-0.408246,0.408246,-0.816492,-0.408246,0.408246,0.816492,0.408246,-0.408246,0.816492,0.408246,-0.408246,0.816492,-0.408246,0.408246,0.816492,-0.408246],
    "vertices": [0.167139,0.015097,-0.240381,0.029625,0.015097,-0.240381,0.029625,0.015097,0.178888,-0.023437,0.015097,0.178888,-0.023437,0.015097,-0.240381,-0.154972,0.015097,-0.240381,-0.154972,0.015097,-0.287464,0.167139,0.015097,-0.287464,0.167139,-0.015097,-0.240381,0.029625,-0.015097,-0.240381,0.029625,-0.015097,0.178888,-0.023437,-0.015097,0.178888,-0.023437,-0.015097,-0.240381,-0.154972,-0.015097,-0.240381,-0.154972,-0.015097,-0.287464,0.167139,-0.015097,-0.287464,0.167139,-0.015097,-0.240381,0.182236,-0,-0.225284,0.029625,-0.015097,-0.240381,0.044722,-0,-0.225284,0.029625,-0.015097,0.178888,0.044722,0,0.193985,-0.023437,-0.015097,0.178888,-0.038534,0,0.193985,-0.023437,-0.015097,-0.240381,-0.038534,-0,-0.225284,-0.154972,-0.015097,-0.240381,-0.170069,-0,-0.225284,-0.154972,-0.015097,-0.287464,-0.170069,-0,-0.302561,0.167139,-0.015097,-0.287464,0.182236,-0,-0.302561,0.182236,-0,-0.225284,0.167139,0.015097,-0.240381,0.044722,-0,-0.225284,0.029625,0.015097,-0.240381,0.044722,0,0.193985,0.029625,0.015097,0.178888,-0.038534,0,0.193985,-0.023437,0.015097,0.178888,-0.038534,-0,-0.225284,-0.023437,0.015097,-0.240381,-0.170069,-0,-0.225284,-0.154972,0.015097,-0.240381,-0.170069,-0,-0.302561,-0.154972,0.015097,-0.287464,0.182236,-0,-0.302561,0.167139,0.015097,-0.287464],
    "metadata": {
        "type": "Geometry",
        "faces": 28,
        "uvs": 0,
        "version": 3,
        "normals": 15,
        "vertices": 48,
        "generator": "io_three"
    }
}