{
    "name": "MeshGeometry",
    "faces": [32,4,6,5,0,1,1,32,4,0,6,0,1,1,32,0,2,1,1,1,1,32,0,3,2,1,0,1,32,4,3,0,0,0,1,32,13,11,12,2,3,2,32,7,11,13,2,3,2,32,9,7,8,2,2,2,32,10,7,9,3,2,2,32,10,11,7,3,3,2,33,15,17,16,14,4,5,5,4,33,17,19,18,16,5,6,6,5,33,19,21,20,18,6,7,7,6,33,21,23,22,20,7,8,8,7,33,23,25,24,22,8,9,9,8,33,25,27,26,24,9,10,10,9,33,27,15,14,26,10,4,4,10,33,29,31,30,28,11,12,12,11,33,31,33,32,30,12,13,13,12,33,33,35,34,32,13,14,14,13,33,35,37,36,34,14,15,15,14,33,37,39,38,36,15,16,16,15,33,39,41,40,38,16,17,17,16,33,41,29,28,40,17,11,11,17],
    "uvs": [],
    "normals": [0,0.999969,0,0,1,0,0,-1,0,0,-0.999969,0,-0.002503,-0.955473,-0.294992,-0.371197,-0.778405,-0.506211,0.409497,-0.863186,-0.295297,0.36845,-0.776635,0.510941,-0.367687,-0.776147,0.512192,-0.409223,-0.863826,-0.293771,0.368236,-0.776513,-0.511246,-0.002503,0.955473,-0.294992,-0.371197,0.778405,-0.506211,0.409497,0.863186,-0.295297,0.36845,0.776635,0.510941,-0.367687,0.776147,0.512192,-0.409223,0.863826,-0.293771,0.368236,0.776513,-0.511246],
    "vertices": [0.014678,0.015097,0.070521,0.127529,0.015097,-0.287464,0.179097,0.015097,-0.287464,0.022899,0.015097,0.181877,-0.001016,0.015097,0.181877,-0.159457,0.015097,-0.287464,-0.104899,0.015097,-0.287464,0.014678,-0.015097,0.070521,0.127529,-0.015097,-0.287464,0.179097,-0.015097,-0.287464,0.022899,-0.015097,0.181877,-0.001016,-0.015097,0.181877,-0.159457,-0.015097,-0.287464,-0.104899,-0.015097,-0.287464,0.014678,-0.015097,0.070521,0.014263,0,0.021626,0.127529,-0.015097,-0.287464,0.116459,-0,-0.302561,0.179097,-0.015097,-0.287464,0.200032,-0,-0.302561,0.022899,-0.015097,0.181877,0.033786,0,0.196974,-0.001016,-0.015097,0.181877,-0.011854,0,0.196974,-0.159457,-0.015097,-0.287464,-0.180487,-0,-0.302561,-0.104899,-0.015097,-0.287464,-0.094026,-0,-0.302561,0.014263,0,0.021626,0.014678,0.015097,0.070521,0.116459,-0,-0.302561,0.127529,0.015097,-0.287464,0.200032,-0,-0.302561,0.179097,0.015097,-0.287464,0.033786,0,0.196974,0.022899,0.015097,0.181877,-0.011854,0,0.196974,-0.001016,0.015097,0.181877,-0.180487,-0,-0.302561,-0.159457,0.015097,-0.287464,-0.094026,-0,-0.302561,-0.104899,0.015097,-0.287464],
    "metadata": {
        "type": "Geometry",
        "faces": 24,
        "uvs": 0,
        "version": 3,
        "normals": 18,
        "vertices": 42,
        "generator": "io_three"
    }
}