{
    "name": "MeshGeometry",
    "faces": [32,10,12,11,0,0,0,32,10,0,12,0,0,0,32,3,5,4,0,0,0,32,3,6,5,0,0,0,32,0,2,1,0,0,1,32,0,8,2,0,0,0,32,8,3,2,0,0,0,32,0,9,8,0,0,0,32,7,3,8,0,0,0,32,10,9,0,0,0,0,32,7,6,3,0,0,0,32,25,23,24,2,2,2,32,13,23,25,2,2,2,32,18,16,17,2,2,2,32,19,16,18,2,2,2,32,15,13,14,2,2,3,32,21,13,15,2,2,2,32,16,21,15,2,2,2,32,22,13,21,2,2,2,32,16,20,21,2,2,2,32,22,23,13,2,2,2,32,19,20,16,2,2,2,33,27,29,28,26,4,5,5,4,33,29,31,30,28,5,6,6,5,33,31,33,32,30,6,7,7,6,33,33,35,34,32,7,8,8,7,33,35,37,36,34,8,9,9,8,33,37,39,38,36,9,10,10,9,33,39,41,40,38,10,11,11,10,33,41,43,42,40,11,12,12,11,33,43,45,44,42,12,13,13,12,33,45,47,46,44,13,14,14,13,33,47,49,48,46,14,15,15,14,33,49,51,50,48,15,16,16,15,33,51,27,26,50,16,4,4,16,33,53,55,54,52,17,18,18,17,33,55,57,56,54,18,19,19,18,33,57,59,58,56,19,20,20,19,33,59,61,60,58,20,21,21,20,33,61,63,62,60,21,22,22,21,33,63,65,64,62,22,23,23,22,33,65,67,66,64,23,24,24,23,33,67,69,68,66,24,25,25,24,33,69,71,70,68,25,26,26,25,33,71,73,72,70,26,27,27,26,33,73,75,74,72,27,28,28,27,33,75,77,76,74,28,29,29,28,33,77,53,52,76,29,17,17,29],
    "uvs": [],
    "normals": [0,1,0,0,0.999969,0,0,-1,0,0,-0.999969,0,0.010193,-0.978973,-0.203681,-0.378643,-0.783593,-0.492508,0.378338,-0.78338,-0.493057,-0.012299,-0.981201,-0.19245,-0.395856,-0.798883,-0.452773,0.414136,-0.838313,-0.354503,0.393384,-0.796289,0.459517,-0.379528,-0.784295,0.490707,-0.000549,-0.969298,0.245766,0.378826,-0.783746,0.492111,-0.392987,-0.795892,0.460524,-0.414167,-0.838771,-0.353435,0.392743,-0.795648,-0.461104,0.010193,0.978973,-0.203681,-0.378643,0.783593,-0.492508,0.378338,0.78338,-0.493057,-0.012299,0.981201,-0.19245,-0.395856,0.798883,-0.452773,0.414136,0.838313,-0.354503,0.393384,0.796289,0.459517,-0.379528,0.784295,0.490707,-0.000549,0.969298,0.245766,0.378826,0.783746,0.492111,-0.392987,0.795892,0.460524,-0.414167,0.838771,-0.353435,0.392743,0.795648,-0.461104],
    "vertices": [-0.066784,0.015097,0.027921,0.007952,0.015097,-0.253086,0.023646,0.015097,-0.253086,0.09913,0.015097,0.028669,0.141729,0.015097,-0.287464,0.185824,0.015097,-0.287464,0.112582,0.015097,0.181877,0.091656,0.015097,0.181877,0.011689,0.015097,-0.126035,-0.069773,0.015097,0.181877,-0.0907,0.015097,0.181877,-0.165436,0.015097,-0.287464,-0.117605,0.015097,-0.287464,-0.066784,-0.015097,0.027921,0.007952,-0.015097,-0.253086,0.023646,-0.015097,-0.253086,0.09913,-0.015097,0.028669,0.141729,-0.015097,-0.287464,0.185824,-0.015097,-0.287464,0.112582,-0.015097,0.181877,0.091656,-0.015097,0.181877,0.011689,-0.015097,-0.126035,-0.069773,-0.015097,0.181877,-0.0907,-0.015097,0.181877,-0.165436,-0.015097,-0.287464,-0.117605,-0.015097,-0.287464,-0.066784,-0.015097,0.027921,-0.063156,-0,-0.044458,0.007952,-0.015097,-0.253086,-0.003654,-0,-0.268183,0.023646,-0.015097,-0.253086,0.035231,-0,-0.268183,0.09913,-0.015097,0.028669,0.094225,-0,-0.047978,0.141729,-0.015097,-0.287464,0.12853,-0,-0.302561,0.185824,-0.015097,-0.287464,0.203459,-0,-0.302561,0.112582,-0.015097,0.181877,0.125506,0,0.196974,0.091656,-0.015097,0.181877,0.079979,0,0.196974,0.011689,-0.015097,-0.126035,0.011554,-0,-0.066498,-0.069773,-0.015097,0.181877,-0.058151,0,0.196974,-0.0907,-0.015097,0.181877,-0.103582,0,0.196974,-0.165436,-0.015097,-0.287464,-0.183126,-0,-0.302561,-0.117605,-0.015097,-0.287464,-0.104746,-0,-0.302561,-0.063156,-0,-0.044458,-0.066784,0.015097,0.027921,-0.003654,-0,-0.268183,0.007952,0.015097,-0.253086,0.035231,-0,-0.268183,0.023646,0.015097,-0.253086,0.094225,-0,-0.047978,0.09913,0.015097,0.028669,0.12853,-0,-0.302561,0.141729,0.015097,-0.287464,0.203459,-0,-0.302561,0.185824,0.015097,-0.287464,0.125506,0,0.196974,0.112582,0.015097,0.181877,0.079979,0,0.196974,0.091656,0.015097,0.181877,0.011554,-0,-0.066498,0.011689,0.015097,-0.126035,-0.058151,0,0.196974,-0.069773,0.015097,0.181877,-0.103582,0,0.196974,-0.0907,0.015097,0.181877,-0.183126,-0,-0.302561,-0.165436,0.015097,-0.287464,-0.104746,-0,-0.302561,-0.117605,0.015097,-0.287464],
    "metadata": {
        "type": "Geometry",
        "faces": 48,
        "uvs": 0,
        "version": 3,
        "normals": 30,
        "vertices": 78,
        "generator": "io_three"
    }
}