{
    "name": "MeshGeometry",
    "faces": [32,6,8,7,0,0,0,32,6,9,8,0,0,0,32,9,11,10,0,0,0,32,9,0,11,0,0,0,32,6,0,9,0,0,0,32,6,1,0,0,0,0,32,5,3,6,0,0,0,32,3,1,6,0,0,0,32,5,4,3,0,0,0,32,2,1,3,0,0,0,32,20,18,19,1,1,1,32,21,18,20,1,1,1,32,23,21,22,1,1,1,32,12,21,23,1,1,1,32,12,18,21,1,1,1,32,13,18,12,1,1,1,32,15,17,18,1,1,1,32,13,15,18,1,1,1,32,16,17,15,1,1,1,32,13,14,15,1,1,1,33,25,27,26,24,2,3,3,2,33,27,29,28,26,3,4,4,3,33,29,31,30,28,4,5,5,4,33,31,33,32,30,5,6,6,5,33,33,35,34,32,6,7,7,6,33,35,37,36,34,7,8,8,7,33,37,39,38,36,8,9,9,8,33,39,41,40,38,9,10,10,9,33,41,43,42,40,10,11,11,10,33,43,45,44,42,11,12,12,11,33,45,47,46,44,12,13,13,12,33,47,25,24,46,13,2,2,13,33,49,51,50,48,14,15,15,14,33,51,53,52,50,15,16,16,15,33,53,55,54,52,16,17,17,16,33,55,57,56,54,17,18,18,17,33,57,59,58,56,18,19,19,18,33,59,61,60,58,19,20,20,19,33,61,63,62,60,20,21,21,20,33,63,65,64,62,21,22,22,21,33,65,67,66,64,22,23,23,22,33,67,69,68,66,23,24,24,23,33,69,71,70,68,24,25,25,24,33,71,49,48,70,25,14,14,25],
    "uvs": [],
    "normals": [0,1,0,0,-1,0,0.661458,-0.749901,-0.009064,0.39024,-0.891415,0.230384,-0.329417,-0.756798,0.564531,0.004059,-0.900174,0.435469,0.333628,-0.758568,0.559648,-0.391949,-0.889553,0.234565,-0.660665,-0.750633,0.001587,-0.391278,-0.890286,-0.232887,0.331156,-0.7575,-0.562578,-0.002106,-0.901151,-0.433485,-0.333323,-0.758446,-0.560015,0.394116,-0.887143,-0.240028,0.661458,0.749901,-0.009064,0.39024,0.891415,0.230384,-0.329417,0.756798,0.564531,0.004059,0.900174,0.435469,0.333628,0.758568,0.559648,-0.391949,0.889553,0.234565,-0.660665,0.750633,0.001587,-0.391278,0.890286,-0.232887,0.331156,0.7575,-0.562578,-0.002106,0.901151,-0.433485,-0.333323,0.758446,-0.560015,0.394116,0.887143,-0.240028],
    "vertices": [0.039341,0.015097,-0.060267,0.170876,0.015097,0.178141,0.112582,0.015097,0.178141,0.008699,0.015097,-0.00571,-0.0907,0.015097,0.178141,-0.148246,0.015097,0.178141,-0.021195,0.015097,-0.058772,-0.145257,0.015097,-0.287464,-0.089205,0.015097,-0.287464,0.008699,0.015097,-0.111088,0.104361,0.015097,-0.287464,0.156676,0.015097,-0.287464,0.039341,-0.015097,-0.060267,0.170876,-0.015097,0.178141,0.112582,-0.015097,0.178141,0.008699,-0.015097,-0.00571,-0.0907,-0.015097,0.178141,-0.148246,-0.015097,0.178141,-0.021195,-0.015097,-0.058772,-0.145257,-0.015097,-0.287464,-0.089205,-0.015097,-0.287464,0.008699,-0.015097,-0.111088,0.104361,-0.015097,-0.287464,0.156676,-0.015097,-0.287464,0.039341,-0.015097,-0.060267,0.056453,-0,-0.060502,0.170876,-0.015097,0.178141,0.196447,0,0.193237,0.112582,-0.015097,0.178141,0.103773,0,0.193237,0.008699,-0.015097,-0.00571,0.008991,0,0.025494,-0.0907,-0.015097,0.178141,-0.0817,0,0.193237,-0.148246,-0.015097,0.178141,-0.173473,0,0.193237,-0.021195,-0.015097,-0.058772,-0.038348,-0,-0.058731,-0.145257,-0.015097,-0.287464,-0.170621,-0,-0.302561,-0.089205,-0.015097,-0.287464,-0.080318,-0,-0.302561,0.008699,-0.015097,-0.111088,0.008546,-0,-0.14247,0.104361,-0.015097,-0.287464,0.095375,-0,-0.302561,0.156676,-0.015097,-0.287464,0.181464,-0,-0.302561,0.056453,-0,-0.060502,0.039341,0.015097,-0.060267,0.196447,0,0.193237,0.170876,0.015097,0.178141,0.103773,0,0.193237,0.112582,0.015097,0.178141,0.008991,0,0.025494,0.008699,0.015097,-0.00571,-0.0817,0,0.193237,-0.0907,0.015097,0.178141,-0.173473,0,0.193237,-0.148246,0.015097,0.178141,-0.038348,-0,-0.058731,-0.021195,0.015097,-0.058772,-0.170621,-0,-0.302561,-0.145257,0.015097,-0.287464,-0.080318,-0,-0.302561,-0.089205,0.015097,-0.287464,0.008546,-0,-0.14247,0.008699,0.015097,-0.111088,0.095375,-0,-0.302561,0.104361,0.015097,-0.287464,0.181464,-0,-0.302561,0.156676,0.015097,-0.287464],
    "metadata": {
        "type": "Geometry",
        "faces": 44,
        "uvs": 0,
        "version": 3,
        "normals": 26,
        "vertices": 72,
        "generator": "io_three"
    }
}