{
    "name": "MeshGeometry",
    "faces": [32,6,8,7,0,0,0,32,6,0,8,0,0,0,32,0,2,1,0,0,0,32,0,3,2,0,1,0,32,6,3,0,0,1,0,32,5,3,6,0,1,0,32,5,4,3,0,0,1,32,17,15,16,2,2,2,32,9,15,17,2,2,2,32,11,9,10,2,2,2,32,12,9,11,3,2,2,32,12,15,9,3,2,2,32,12,14,15,3,2,2,32,13,14,12,2,2,3,33,19,21,20,18,4,5,5,4,33,21,23,22,20,5,6,6,5,33,23,25,24,22,6,7,7,6,33,25,27,26,24,7,8,8,7,33,27,29,28,26,8,9,9,8,33,29,31,30,28,9,10,10,9,33,31,33,32,30,10,11,11,10,33,33,35,34,32,11,12,12,11,33,35,19,18,34,12,4,4,12,33,37,39,38,36,13,14,14,13,33,39,41,40,38,14,15,15,14,33,41,43,42,40,15,16,16,15,33,43,45,44,42,16,17,17,16,33,45,47,46,44,17,18,18,17,33,47,49,48,46,18,19,19,18,33,49,51,50,48,19,20,20,19,33,51,53,52,50,20,21,21,20,33,53,37,36,52,21,13,13,21],
    "uvs": [],
    "normals": [0,1,0,0,0.999969,0,0,-1,0,0,-0.999969,0,-0.007996,-0.917356,-0.397931,-0.347972,-0.765191,-0.541612,0.399243,-0.880795,-0.254494,0.682058,-0.715506,0.151006,0.408246,-0.816492,0.408246,-0.408246,-0.816492,0.408246,-0.677999,-0.71688,0.162297,-0.395001,-0.886105,-0.242409,0.339488,-0.761162,-0.552568,-0.007996,0.917356,-0.397931,-0.347972,0.765191,-0.541612,0.399243,0.880795,-0.254494,0.682058,0.715506,0.151006,0.408246,0.816492,0.408246,-0.408246,0.816492,0.408246,-0.677999,0.71688,0.162297,-0.395001,0.886105,-0.242409,0.339488,0.761162,-0.552568],
    "vertices": [0.016173,0.015097,-0.061762,0.119308,0.015097,-0.287464,0.174613,0.015097,-0.287464,0.043078,0.015097,-0.004962,0.043078,0.015097,0.178141,-0.013722,0.015097,0.178141,-0.013722,0.015097,-0.004962,-0.157215,0.015097,-0.287464,-0.098173,0.015097,-0.287464,0.016173,-0.015097,-0.061762,0.119308,-0.015097,-0.287464,0.174613,-0.015097,-0.287464,0.043078,-0.015097,-0.004962,0.043078,-0.015097,0.178141,-0.013722,-0.015097,0.178141,-0.013722,-0.015097,-0.004962,-0.157215,-0.015097,-0.287464,-0.098173,-0.015097,-0.287464,0.016173,-0.015097,-0.061762,0.015472,-0,-0.096551,0.119308,-0.015097,-0.287464,0.109609,-0,-0.302561,0.174613,-0.015097,-0.287464,0.198295,-0,-0.302561,0.043078,-0.015097,-0.004962,0.058174,-0,-0.00162,0.043078,-0.015097,0.178141,0.058174,0,0.193237,-0.013722,-0.015097,0.178141,-0.028818,0,0.193237,-0.013722,-0.015097,-0.004962,-0.028818,-0,-0.001348,-0.157215,-0.015097,-0.287464,-0.181815,-0,-0.302561,-0.098173,-0.015097,-0.287464,-0.088898,-0,-0.302561,0.015472,-0,-0.096551,0.016173,0.015097,-0.061762,0.109609,-0,-0.302561,0.119308,0.015097,-0.287464,0.198295,-0,-0.302561,0.174613,0.015097,-0.287464,0.058174,-0,-0.00162,0.043078,0.015097,-0.004962,0.058174,0,0.193237,0.043078,0.015097,0.178141,-0.028818,0,0.193237,-0.013722,0.015097,0.178141,-0.028818,-0,-0.001348,-0.013722,0.015097,-0.004962,-0.181815,-0,-0.302561,-0.157215,0.015097,-0.287464,-0.088898,-0,-0.302561,-0.098173,0.015097,-0.287464],
    "metadata": {
        "type": "Geometry",
        "faces": 32,
        "uvs": 0,
        "version": 3,
        "normals": 22,
        "vertices": 54,
        "generator": "io_three"
    }
}