{
    "name": "MeshGeometry",
    "faces": [32,19,21,20,0,0,0,32,19,0,21,0,1,0,32,19,18,0,0,0,1,32,18,1,0,0,0,1,32,17,1,18,1,0,0,32,12,14,13,0,0,0,32,11,14,12,0,0,0,32,11,15,14,0,1,0,32,10,15,11,0,1,0,32,9,15,10,1,1,0,32,8,15,9,0,1,1,32,7,15,8,0,1,0,32,6,15,7,1,1,0,32,5,15,6,1,1,1,32,4,15,5,0,1,1,32,3,15,4,0,1,0,32,2,15,3,0,1,0,32,17,2,1,1,0,0,32,17,15,2,1,1,0,32,16,15,17,0,1,1,32,43,41,42,2,2,2,32,22,41,43,3,2,2,32,40,41,22,2,2,3,32,23,40,22,2,2,3,32,23,39,40,2,3,2,32,36,34,35,3,2,2,32,36,33,34,3,3,2,32,37,33,36,3,3,3,32,37,32,33,3,2,3,32,37,31,32,3,3,2,32,37,30,31,3,2,3,32,37,29,30,3,2,2,32,37,28,29,3,3,2,32,37,27,28,3,3,3,32,37,26,27,3,2,3,32,37,25,26,3,2,2,32,37,24,25,3,3,2,32,24,39,23,3,3,2,32,37,39,24,3,3,3,32,37,38,39,3,2,3,33,45,47,46,44,4,5,5,4,33,47,49,48,46,5,6,6,5,33,49,51,50,48,6,7,7,6,33,51,53,52,50,7,8,8,7,33,53,55,54,52,8,9,9,8,33,55,57,56,54,9,10,10,9,33,57,59,58,56,10,11,11,10,33,59,61,60,58,11,12,12,11,33,61,63,62,60,12,13,13,12,33,63,65,64,62,13,14,14,13,33,65,67,66,64,14,15,15,14,33,67,69,68,66,15,16,16,15,33,69,71,70,68,16,17,17,16,33,71,73,72,70,17,18,18,17,33,73,75,74,72,18,19,19,18,33,75,77,76,74,19,20,20,19,33,77,79,78,76,20,21,21,20,33,79,81,80,78,21,22,22,21,33,81,83,82,80,22,20,20,22,33,83,85,84,82,20,23,23,20,33,85,87,86,84,23,24,24,23,33,87,45,44,86,24,4,4,24,33,89,91,90,88,25,26,26,25,33,91,93,92,90,26,27,27,26,33,93,95,94,92,27,28,28,27,33,95,97,96,94,28,29,29,28,33,97,99,98,96,29,30,30,29,33,99,101,100,98,30,31,31,30,33,101,103,102,100,31,32,32,31,33,103,105,104,102,32,33,33,32,33,105,107,106,104,33,34,34,33,33,107,109,108,106,34,35,35,34,33,109,111,110,108,35,36,36,35,33,111,113,112,110,36,37,37,36,33,113,115,114,112,37,38,38,37,33,115,117,116,114,38,39,39,38,33,117,119,118,116,39,40,40,39,33,119,121,120,118,40,41,41,40,33,121,123,122,120,41,42,42,41,33,123,125,124,122,42,43,43,42,33,125,127,126,124,43,41,41,43,33,127,129,128,126,41,44,44,41,33,129,131,130,128,44,45,45,44,33,131,89,88,130,45,25,25,45],
    "uvs": [],
    "normals": [0,1,0,0,0.999969,0,0,-1,0,0,-0.999969,0,0.667623,-0.719138,0.192541,0.384381,-0.897183,-0.217353,-0.016694,-0.707175,-0.706809,-0.067415,-0.707511,-0.703452,-0.133,-0.70745,-0.694082,-0.190649,-0.707358,-0.680624,-0.234657,-0.707236,-0.66686,-0.260598,-0.707114,-0.657277,-0.265297,-0.707083,-0.655416,-0.246742,-0.707175,-0.662526,-0.204169,-0.707389,-0.676656,-0.139348,-0.707602,-0.692679,-0.058046,-0.707785,-0.704031,0.030213,-0.707785,-0.705741,0.443617,-0.802484,-0.398999,0.408246,-0.816492,0.408246,-0.408246,-0.816492,0.408246,-0.667348,-0.720511,-0.18833,-0.382977,-0.898526,0.214362,-0.408246,-0.816492,-0.408246,0.409528,-0.819208,-0.40141,0.667623,0.719138,0.192541,0.384381,0.897183,-0.217353,-0.016694,0.707175,-0.706809,-0.067415,0.707511,-0.703452,-0.133,0.70745,-0.694082,-0.190649,0.707358,-0.680624,-0.234657,0.707236,-0.66686,-0.260598,0.707114,-0.657277,-0.265297,0.707083,-0.655416,-0.246742,0.707175,-0.662526,-0.204169,0.707389,-0.676656,-0.139348,0.707602,-0.692679,-0.058046,0.707785,-0.704031,0.030213,0.707785,-0.705741,0.443617,0.802484,-0.398999,0.408246,0.816492,0.408246,-0.408246,0.816492,0.408246,-0.667348,0.720511,-0.18833,-0.382977,0.898526,0.214362,-0.408246,0.816492,-0.408246,0.409528,0.819208,-0.40141],
    "vertices": [0.155182,0.015097,-0.250096,-0.075005,0.015097,0.132552,0.144719,0.015097,0.132552,0.147187,0.015097,0.132435,0.14939,0.015097,0.132116,0.151375,0.015097,0.131641,0.153189,0.015097,0.131057,0.154878,0.015097,0.130411,0.15649,0.015097,0.129749,0.15807,0.015097,0.129119,0.159666,0.015097,0.128566,0.161324,0.015097,0.128138,0.163091,0.015097,0.127881,0.165014,0.015097,0.127842,0.167139,0.015097,0.128068,0.167139,0.015097,0.178888,-0.140773,0.015097,0.178888,-0.140773,0.015097,0.142267,0.093898,0.015097,-0.240381,-0.131804,0.015097,-0.240381,-0.131804,0.015097,-0.287464,0.155929,0.015097,-0.287464,0.155182,-0.015097,-0.250096,-0.075005,-0.015097,0.132552,0.144719,-0.015097,0.132552,0.147187,-0.015097,0.132435,0.14939,-0.015097,0.132116,0.151375,-0.015097,0.131641,0.153189,-0.015097,0.131057,0.154878,-0.015097,0.130411,0.15649,-0.015097,0.129749,0.15807,-0.015097,0.129119,0.159666,-0.015097,0.128566,0.161324,-0.015097,0.128138,0.163091,-0.015097,0.127881,0.165014,-0.015097,0.127842,0.167139,-0.015097,0.128068,0.167139,-0.015097,0.178888,-0.140773,-0.015097,0.178888,-0.140773,-0.015097,0.142267,0.093898,-0.015097,-0.240381,-0.131804,-0.015097,-0.240381,-0.131804,-0.015097,-0.287464,0.155929,-0.015097,-0.287464,0.155182,-0.015097,-0.250096,0.170195,-0,-0.245767,-0.075005,-0.015097,0.132552,-0.048306,0,0.117455,0.144719,-0.015097,0.132552,0.144362,0,0.117455,0.147187,-0.015097,0.132435,0.145744,0,0.11739,0.14939,-0.015097,0.132116,0.146545,0,0.117274,0.151375,-0.015097,0.131641,0.1473,0,0.117093,0.153189,-0.015097,0.131057,0.148176,0,0.116811,0.154878,-0.015097,0.130411,0.149313,0,0.116376,0.15649,-0.015097,0.129749,0.150825,0,0.115755,0.15807,-0.015097,0.129119,0.152799,0,0.114967,0.159666,-0.015097,0.128566,0.155301,0,0.114101,0.161324,-0.015097,0.128138,0.158342,0,0.113316,0.163091,-0.015097,0.127881,0.161848,0,0.112806,0.165014,-0.015097,0.127842,0.165661,0,0.112729,0.167139,-0.015097,0.128068,0.182236,0,0.11449,0.167139,-0.015097,0.178888,0.182236,0,0.193985,-0.140773,-0.015097,0.178888,-0.155869,0,0.193985,-0.140773,-0.015097,0.142267,-0.155869,0,0.138007,0.093898,-0.015097,-0.240381,0.06693,-0,-0.225284,-0.131804,-0.015097,-0.240381,-0.146901,-0,-0.225284,-0.131804,-0.015097,-0.287464,-0.146901,-0,-0.302561,0.155929,-0.015097,-0.287464,0.171331,-0,-0.302561,0.170195,-0,-0.245767,0.155182,0.015097,-0.250096,-0.048306,0,0.117455,-0.075005,0.015097,0.132552,0.144362,0,0.117455,0.144719,0.015097,0.132552,0.145744,0,0.11739,0.147187,0.015097,0.132435,0.146545,0,0.117274,0.14939,0.015097,0.132116,0.1473,0,0.117093,0.151375,0.015097,0.131641,0.148176,0,0.116811,0.153189,0.015097,0.131057,0.149313,0,0.116376,0.154878,0.015097,0.130411,0.150825,0,0.115755,0.15649,0.015097,0.129749,0.152799,0,0.114967,0.15807,0.015097,0.129119,0.155301,0,0.114101,0.159666,0.015097,0.128566,0.158342,0,0.113316,0.161324,0.015097,0.128138,0.161848,0,0.112806,0.163091,0.015097,0.127881,0.165661,0,0.112729,0.165014,0.015097,0.127842,0.182236,0,0.11449,0.167139,0.015097,0.128068,0.182236,0,0.193985,0.167139,0.015097,0.178888,-0.155869,0,0.193985,-0.140773,0.015097,0.178888,-0.155869,0,0.138007,-0.140773,0.015097,0.142267,0.06693,-0,-0.225284,0.093898,0.015097,-0.240381,-0.146901,-0,-0.225284,-0.131804,0.015097,-0.240381,-0.146901,-0,-0.302561,-0.131804,0.015097,-0.287464,0.171331,-0,-0.302561,0.155929,0.015097,-0.287464],
    "metadata": {
        "type": "Geometry",
        "faces": 84,
        "uvs": 0,
        "version": 3,
        "normals": 46,
        "vertices": 132,
        "generator": "io_three"
    }
}